pretty_name,model_name,final_auc,final_recall_at_far_1e-06,final_recall_at_far_1e-05,final_recall_at_far_0.0001,final_recall_at_far_0.001,final_recall_at_far_0.01,final_recall_at_far_0.1,final_recall_at_far_1
CosineSim_MeanPool,pooling-with-PoolingDefault_use-det-score-False_eval-with-VerifEval_conf-func-CosineSimPairwise,0.9950949902279613,0.8458352508053383,0.9279541852022294,0.95357161118781,0.9705987625913995,0.981847931686864,0.9894666871197014,1.0
CosineSim_DetScore_MeanPool,pooling-with-PoolingDefault_use-det-score-True_eval-with-VerifEval_conf-func-CosineSimPairwise,0.9951448683763,0.8648054405072353,0.9319936595592371,0.9554123843125224,0.9715702817405533,0.9821547272076494,0.9893644219461063,1.0
CosineSim_SCF-Pool,pooling-with-PoolingSCF_use-det-score-False_eval-with-VerifEval_conf-func-CosineSimPairwise,0.9949868559353283,0.8729866543948458,0.9382318351485401,0.9577644833052104,0.9713146188065654,0.9814388709924835,0.9893132893593087,1.0
CosineSim_DetScore_SCF-Pool,pooling-with-PoolingSCF_use-det-score-True_eval-with-VerifEval_conf-func-CosineSimPairwise,0.9950081974259688,0.8806565424144808,0.9395612824052769,0.9586848698675666,0.971365751393363,0.9815922687528762,0.9893132893593087,1.0
CosineSim_PFEHarmonicMean-Pool,pooling-with-PoolingPFEHarmonicMean_use-det-score-False_eval-with-VerifEval_conf-func-CosineSimPairwise,0.994983625809948,0.8664416832847573,0.9323004550800225,0.9567418315692591,0.9707521603517922,0.9808764125377103,0.9895689522932966,1.0
CosineSim_DetScore_PFEHarmonicMean-Pool,pooling-with-PoolingPFEHarmonicMean_use-det-score-True_eval-with-VerifEval_conf-func-CosineSimPairwise,0.9950177049138921,0.877332924272639,0.9372603159993864,0.9577644833052104,0.9713146188065654,0.9811832080584957,0.9896712174668917,1.0
