,models,FAR=$Average$tau-0.178,FAR=$Average$tau-0.217,FAR=$Average$tau-0.295,FAR=$Average$tau-0.3316050800917002,FAR=$Average$tau-0.3544668614198186,FAR=$Average$tau-0.41305037376834797,FAR={SCF}$tau-0.178,FAR={SCF}$tau-0.217,FAR={SCF}$tau-0.295,FAR={SCF}$tau-0.3316050800917002,FAR={SCF}$tau-0.3544668614198186,FAR={SCF}$tau-0.41305037376834797
0,$u_{SCF}$,1159.98,1026.62,166.06,79.24,65.04,61.72,1277.74,1044.04,238.92,119.36,91.26,76.34
