,models,FAR=$Average$tau-0.178,FAR=$Average$tau-0.217,FAR=$Average$tau-0.295,FAR=$Average$tau-0.3316050800917002,FAR=$Average$tau-0.3544668614198186,FAR=$Average$tau-0.41305037376834797,FAR={SCF}$tau-0.178,FAR={SCF}$tau-0.217,FAR={SCF}$tau-0.295,FAR={SCF}$tau-0.3316050800917002,FAR={SCF}$tau-0.3544668614198186,FAR={SCF}$tau-0.41305037376834797
0,$u_{SCF}$,1127.86,994.0,125.58,36.54,21.42,12.42,1252.74,1017.7,207.06,84.06,52.66,17.32
