,models,FAR=$Average$tau-0.178,FAR=$Average$tau-0.217,FAR=$Average$tau-0.295,FAR=$Average$tau-0.3316050800917002,FAR=$Average$tau-0.3544668614198186,FAR=$Average$tau-0.41305037376834797,FAR={SCF}$tau-0.178,FAR={SCF}$tau-0.217,FAR={SCF}$tau-0.295,FAR={SCF}$tau-0.3316050800917002,FAR={SCF}$tau-0.3544668614198186,FAR={SCF}$tau-0.41305037376834797
0,$u_{SCF}$,0.0,3.82,28.86,31.44,32.42,34.46,0.0,3.56,17.86,19.54,20.86,21.62
