pretty_name,model_name,final_cmc_at_rank_1,final_cmc_at_rank_5,final_cmc_at_rank_10,final_cmc_at_rank_50,final_cmc_at_rank_100,final_cmc_at_rank_500,final_cmc_at_rank_1000
CosineSim_MeanPool,pooling-with-PoolingDefault_use-det-score-False_eval-with-CosineSim_conf-func-MaxSimilarity_confidence,0.9593590033120593,0.974306222025418,0.9779631601803379,0.9851815337978338,0.9872672160954761,0.9938331825167543,0.996634843204776
CosineSim_DetScore_MeanPool,pooling-with-PoolingDefault_use-det-score-True_eval-with-CosineSim_conf-func-MaxSimilarity_confidence,0.9620970928059189,0.9757753835870224,0.9790265812005805,0.9858339409940513,0.9874634947628278,0.9941355104417771,0.9966361615254419
CosineSim_SCF-Pool,pooling-with-PoolingSCF_use-det-score-False_eval-with-CosineSim_conf-func-MaxSimilarity_confidence,0.9630119865049818,0.9749108778754632,0.9787242532755579,0.9855302947483628,0.9875138827503316,0.9937284515797493,0.9965327489091027
CosineSim_DetScore_SCF-Pool,pooling-with-PoolingSCF_use-det-score-True_eval-with-CosineSim_conf-func-MaxSimilarity_confidence,0.9637187366507005,0.9754664640586705,0.9788754172380693,0.985731846698378,0.9877154347003467,0.9937748846052556,0.9965340672297684
CosineSim_PFEHarmonicMean-Pool,pooling-with-PoolingPFEHarmonicMean_use-det-score-False_eval-with-CosineSim_conf-func-MaxSimilarity_confidence,0.962766638170792,0.974304903704752,0.9778172695004899,0.9854891350055197,0.9877750509325112,0.9932710047302179,0.996691822795609
CosineSim_DetScore_PFEHarmonicMean-Pool,pooling-with-PoolingPFEHarmonicMean_use-det-score-True_eval-with-CosineSim_conf-func-MaxSimilarity_confidence,0.964036884423713,0.9753735980076579,0.9784245619918668,0.9856893686348691,0.9881807914738732,0.9933200743970558,0.9967408924624469
