pretty_name,model_name,final_auc,final_recall_at_far_1e-06,final_recall_at_far_1e-05,final_recall_at_far_0.0001,final_recall_at_far_0.001,final_recall_at_far_0.01,final_recall_at_far_0.1,final_recall_at_far_1
CosineSim_MeanPool,pooling-with-PoolingDefault_use-det-score-False_eval-with-VerifEval_conf-func-CosineSimPairwise,0.9934125570264338,0.9370983446932813,0.9370983446932813,0.9370983446932813,0.957351509250243,0.9744888023369035,0.9849074975657254,0.999902629016553
CosineSim_DetScore_MeanPool,pooling-with-PoolingDefault_use-det-score-True_eval-with-VerifEval_conf-func-CosineSimPairwise,0.9935005122410173,0.9402142161635832,0.9402142161635832,0.9402142161635832,0.9589094449853941,0.9739045764362219,0.9851022395326193,1.0
CosineSim_SCF-Pool,pooling-with-PoolingSCF_use-det-score-False_eval-with-VerifEval_conf-func-CosineSimPairwise,0.9933151574782536,0.9414800389483934,0.9414800389483934,0.9414800389483934,0.9535540408958131,0.9731256085686465,0.9847127555988315,0.999902629016553
CosineSim_DetScore_SCF-Pool,pooling-with-PoolingSCF_use-det-score-True_eval-with-VerifEval_conf-func-CosineSimPairwise,0.9932945032708769,0.9427458617332035,0.9427458617332035,0.9427458617332035,0.9561830574488801,0.9727361246348587,0.9847127555988315,1.0
CosineSim_PFEHarmonicMean-Pool,pooling-with-PoolingPFEHarmonicMean_use-det-score-False_eval-with-VerifEval_conf-func-CosineSimPairwise,0.9932550267077358,0.9409931840311587,0.9409931840311587,0.9409931840311587,0.960467380720545,0.9726387536514117,0.985589094449854,1.0
CosineSim_DetScore_PFEHarmonicMean-Pool,pooling-with-PoolingPFEHarmonicMean_use-det-score-True_eval-with-VerifEval_conf-func-CosineSimPairwise,0.9932943143928126,0.942064264849075,0.942064264849075,0.942064264849075,0.9611489776046735,0.9728334956183057,0.9858812074001946,1.0
