pretty_name,model_name,final_auc,final_recall_at_far_1e-06,final_recall_at_far_1e-05,final_recall_at_far_0.0001,final_recall_at_far_0.001,final_recall_at_far_0.01,final_recall_at_far_0.1,final_recall_at_far_1
CosineSim_MeanPool,pooling-with-PoolingDefault_use-det-score-False_eval-with-VerifEval_conf-func-CosineSimPairwise,0.993352107084275,0.3640701071080818,0.873807205452775,0.9374878286270691,0.9601752677702045,0.9746835443037974,0.9848101265822785,1.0
CosineSim_DetScore_MeanPool,pooling-with-PoolingDefault_use-det-score-True_eval-with-VerifEval_conf-func-CosineSimPairwise,0.9934310766607442,0.37088607594936707,0.8858812074001945,0.9407010710808179,0.9609542356377799,0.9743914313534566,0.9849074975657254,1.0
CosineSim_SCF-Pool,pooling-with-PoolingSCF_use-det-score-False_eval-with-VerifEval_conf-func-CosineSimPairwise,0.9932708478600313,0.4169425511197663,0.8945472249269716,0.9417721518987342,0.9601752677702045,0.9734177215189873,0.9847127555988315,1.0
CosineSim_DetScore_SCF-Pool,pooling-with-PoolingSCF_use-det-score-True_eval-with-VerifEval_conf-func-CosineSimPairwise,0.9932531642075206,0.4185978578383642,0.8964946445959103,0.9432327166504382,0.9599805258033106,0.9728334956183058,0.9847127555988314,1.0
CosineSim_PFEHarmonicMean-Pool,pooling-with-PoolingPFEHarmonicMean_use-det-score-False_eval-with-VerifEval_conf-func-CosineSimPairwise,0.9931942357341216,0.39182083739045764,0.8966893865628042,0.9412852969814995,0.9597857838364167,0.9734177215189873,0.985491723466407,1.0
CosineSim_DetScore_PFEHarmonicMean-Pool,pooling-with-PoolingPFEHarmonicMean_use-det-score-True_eval-with-VerifEval_conf-func-CosineSimPairwise,0.9932201252756886,0.39386562804284325,0.8999026290165529,0.9425511197663097,0.960759493670886,0.9737098344693281,0.9857838364167477,1.0
