,models,false_accept_num,false_reject_num,false_ident_num,false_ident-reject_num,error_sum,dir,far,f1_class
0,SCF,992,85,62,207,1346,0.9633919338159256,0.09996976720749773,0.9326258884773251
1,Power,991,85,62,207,1345,0.9633919338159256,0.09986899123249017,0.9326725734594785
2,Be,992,85,62,207,1346,0.9633919338159256,0.09996976720749773,0.9326258884773251
3,Power + SCF,991,85,62,207,1345,0.9633919338159256,0.09986899123249017,0.9326725734594785
4,Be + SCF,992,85,62,207,1346,0.9633919338159256,0.09996976720749773,0.9326258884773251
