,models,false_accept_num,false_reject_num,false_ident_num,false_ident-reject_num,error_sum,dir,far,f1_class
0,$u_{SCF}$,874,42,19,102,1037,0.9815985549785504,0.10121598147075854,0.9437238834319206
1,$u_{power}$,374,47,28,174,623,0.9738280428841707,0.0468730417345532,0.9674724586226701
2,$u_{baseline}$,401,47,34,174,656,0.9732142857142857,0.05029474476357707,0.9658084019597624
3,$u_{power} + u_{SCF}$,373,45,25,172,615,0.9745343575712933,0.046683354192740924,0.9678633014579088
4,$u_{baseline} + u_{SCF}$,396,44,26,164,630,0.9753372681281619,0.04946908182386009,0.9670811997073885
