,models,false_accept_num,false_reject_num,false_ident_num,false_ident-reject_num,error_sum,dir,far,f1_class
0,$u_{SCF}$,857,39,17,93,1006,0.9828242074927954,0.10204810669206954,0.9442906191161813
1,$u_{power}$,319,42,26,164,551,0.975548060708263,0.04205669083717864,0.9710958401091118
2,$u_{baseline}$,346,41,31,163,581,0.9752397007691497,0.04563439725666051,0.9695699994762478
3,$u_{power} + u_{SCF}$,327,42,19,161,549,0.9765600253405131,0.04301499605367009,0.9711765632383053
4,$u_{baseline} + u_{SCF}$,356,37,23,154,570,0.9773640786968479,0.046725292033075204,0.9700787401574803
