,models,false_accept_num,false_reject_num,false_ident_num,false_ident-reject_num,error_sum,dir,far,f1_class
0,SCF,667,26,12,60,765,0.9864827586206897,0.10317092034029389,0.9492335257814055
1,Power,121,10,10,94,235,0.9877035918455399,0.027227722772277228,0.9873308534152784
2,Be,142,12,14,94,262,0.9870661780556155,0.0320036060401172,0.985897297879212
3,Power + SCF,136,7,4,60,207,0.9920197819489716,0.028227480282274803,0.988409205442634
4,Be + SCF,140,8,9,71,228,0.9904638058084092,0.031201248049921998,0.9876810028095959
