pretty_name,model_name,final_auc_1_unc_frac_0.0,final_auc_10_unc_frac_0.0,final_auc_20_unc_frac_0.0,final_auc_1_unc_frac_0.05,final_auc_10_unc_frac_0.05,final_auc_20_unc_frac_0.05,final_auc_1_unc_frac_0.1,final_auc_10_unc_frac_0.1,final_auc_20_unc_frac_0.1,final_auc_1_unc_frac_0.15,final_auc_10_unc_frac_0.15,final_auc_20_unc_frac_0.15,final_auc_1_unc_frac_0.2,final_auc_10_unc_frac_0.2,final_auc_20_unc_frac_0.2,final_auc_1_unc_frac_0.25,final_auc_10_unc_frac_0.25,final_auc_20_unc_frac_0.25,final_auc_1_unc_frac_0.3,final_auc_10_unc_frac_0.3,final_auc_20_unc_frac_0.3,final_auc_1_unc_frac_0.35,final_auc_10_unc_frac_0.35,final_auc_20_unc_frac_0.35,final_auc_1_unc_frac_0.4,final_auc_10_unc_frac_0.4,final_auc_20_unc_frac_0.4,final_auc_1_unc_frac_0.45,final_auc_10_unc_frac_0.45,final_auc_20_unc_frac_0.45,final_auc_1_unc_frac_0.5,final_auc_10_unc_frac_0.5,final_auc_20_unc_frac_0.5
Косинусный MaxProb,pooling-with-PoolingSCF_use-det-score-True_eval-with-CosineSim_conf-func-MaxSimilarity_confidence,0.9597310681945833,0.9706283205600376,0.9726004740425918,0.9591736063636074,0.9696421598568645,0.9716573815751302,0.9594827229328445,0.9695149091454283,0.97153033678541,0.9614557788185516,0.9708305409664186,0.9727491689657357,0.9634082891934217,0.9715064329565273,0.9734583688231483,0.9671278025460246,0.9737990160166365,0.9755585996815772,0.9701996210030137,0.976132523624084,0.9774508640106556,0.97246307571764,0.977841665755266,0.979107195334527,0.9761195650948591,0.9802428483124337,0.9813041676725853,0.9796321520130133,0.9824570388545685,0.9832710399480427,0.9818979562649094,0.9843823159457306,0.9851079142606444
Uniform prob conf kappa=200,pooling-with-PoolingSCF_use-det-score-True_eval-with-CosineSim_conf-func-MisesProb_conf-args-kappa:200-beta:0.5-n:256.0-alpha:7588210719622621.0-log_iv:49.17166852527441-log_c:831.4027309436825,0.9597214149875803,0.9706311553670697,0.9725958971640466,0.9591376269312424,0.9696231975541821,0.97163668852201,0.9593225158434007,0.9694314463941367,0.9714388165303793,0.961315262984135,0.970698970105824,0.9726289116874439,0.9633212412881109,0.9713690090495242,0.9732635164661512,0.9668487458667323,0.9736097090048833,0.9754405523316515,0.9701636157129232,0.9760447133887121,0.977362456994427,0.9723486588879675,0.9777464731131564,0.9790220962785972,0.9760705162429395,0.9801265952412769,0.98119916053769,0.9797061434971572,0.9824476628776317,0.9832608327594188,0.9818451516156117,0.9842586321388764,0.9849828794597408
