pretty_name,model_name,final_AUC_1_rank,final_top_1_recall_at_far_0.0001,final_top_1_recall_at_far_0.001,final_top_1_recall_at_far_0.01,final_top_1_recall_at_far_0.1,final_top_1_recall_at_far_1,final_AUC_5_rank,final_top_5_recall_at_far_0.0001,final_top_5_recall_at_far_0.001,final_top_5_recall_at_far_0.01,final_top_5_recall_at_far_0.1,final_top_5_recall_at_far_1,final_AUC_10_rank,final_top_10_recall_at_far_0.0001,final_top_10_recall_at_far_0.001,final_top_10_recall_at_far_0.01,final_top_10_recall_at_far_0.1,final_top_10_recall_at_far_1,final_AUC_20_rank,final_top_20_recall_at_far_0.0001,final_top_20_recall_at_far_0.001,final_top_20_recall_at_far_0.01,final_top_20_recall_at_far_0.1,final_top_20_recall_at_far_1
Косинусный MaxProb,pooling-with-PoolingSCF_use-det-score-True_eval-with-CosineSim_conf-func-MaxSimilarity_confidence,0.9597310681945833,0.5844306277259406,0.847314533906947,0.9366067687064231,0.9546376176184335,0.9637187366507005,0.9684442808418562,0.5845314037009481,0.8478688017694885,0.9384260095392224,0.9592041761897531,0.9754664640586705,0.9706283205600376,0.5845314037009481,0.8479191897569922,0.9387787254517488,0.9600647269393148,0.9788754172380693,0.9726004740425918,0.5845314037009481,0.8480199657319998,0.9390306653892677,0.9607237257388614,0.9819250629016123
Uniform prob conf kappa=200,pooling-with-PoolingSCF_use-det-score-True_eval-with-CosineSim_conf-func-MisesProb_conf-args-kappa:200-beta:0.5-n:256.0-alpha:7588210719622621.0-log_iv:49.17166852527441-log_c:831.4027309436825,0.9597214149875803,0.5844306277259406,0.847314533906947,0.9366067687064231,0.9545859113102637,0.9637187366507005,0.9684435374645779,0.5845314037009481,0.8478688017694885,0.9384260095392224,0.9591524698815834,0.9754664640586705,0.9706311553670697,0.5845314037009481,0.8479191897569922,0.9387787254517488,0.9600130206311452,0.9788754172380693,0.9725958971640466,0.5845314037009481,0.8480199657319998,0.9390306653892677,0.9606720194306917,0.9819250629016123
