pretty_name,model_name,final_auc_1_unc_frac_0.0,final_auc_10_unc_frac_0.0,final_auc_20_unc_frac_0.0,final_auc_1_unc_frac_0.1,final_auc_10_unc_frac_0.1,final_auc_20_unc_frac_0.1,final_auc_1_unc_frac_0.2,final_auc_10_unc_frac_0.2,final_auc_20_unc_frac_0.2,final_auc_1_unc_frac_0.3,final_auc_10_unc_frac_0.3,final_auc_20_unc_frac_0.3,final_auc_1_unc_frac_0.4,final_auc_10_unc_frac_0.4,final_auc_20_unc_frac_0.4,final_auc_1_unc_frac_0.5,final_auc_10_unc_frac_0.5,final_auc_20_unc_frac_0.5,final_auc_1_unc_frac_0.6,final_auc_10_unc_frac_0.6,final_auc_20_unc_frac_0.6,final_auc_1_unc_frac_0.7,final_auc_10_unc_frac_0.7,final_auc_20_unc_frac_0.7
CosineSim,pooling-with-PoolingSCF_use-det-score-True_eval-with-CosineSim_conf-func-MaxSimilarity_confidence,0.9597310681945833,0.9706283205600376,0.9726004740425918,0.9594827229328445,0.9695149091454283,0.97153033678541,0.9634082891934217,0.9715064329565273,0.9734583688231483,0.9701996210030137,0.976132523624084,0.9774508640106556,0.9761195650948591,0.9802428483124337,0.9813041676725853,0.9818979562649094,0.9843823159457306,0.9851079142606444,0.9885401049297367,0.9898061785807453,0.9900877367419522,0.9943352786795967,0.9945994549802022,0.9947466870129866
SCF_dist,pooling-with-PoolingSCF_use-det-score-True_eval-with-SCF_eval-args-k_shift:0-cosine_pred:False_conf-func-MaxSimilarity_confidence,0.9627425112714556,0.9732415557517009,0.9750528366810631,0.9573119018014558,0.9690620540318234,0.9711908626158778,0.9611355331583532,0.9700214047182807,0.9722849331328732,0.97140739701957,0.976123430578522,0.9777508645876715,0.9824100025808638,0.9841907358654728,0.9854165345922983,0.9898210845798485,0.9907468511792277,0.9913077628864462,0.9948444145469977,0.995173603551531,0.995445738222194,0.9970631937440184,0.9972322392584976,0.997355567844048
SCF_NAC-k=120,pooling-with-PoolingSCF_use-det-score-True_eval-with-SCF_eval-args-k_shift:0-cosine_pred:False_conf-func-NAC_confidence_conf-args-k:120-s:1-normalize:True,0.9629078326723308,0.97287500345244,0.9745949301868508,0.9550591409570828,0.9669333746979487,0.969020502658851,0.958926462568432,0.9684791698693052,0.9706836899465365,0.9718842092955946,0.9774298499559173,0.9787653015295599,0.9826959230325967,0.9851957821189513,0.9862047825246971,0.990156998284939,0.9912403371832345,0.9918707553006498,0.9955661902537878,0.9961492257131928,0.9964290088120773,0.9923276072392486,0.9924126761519594,0.9924126761519594
